,,0
mean_cultural_closeness,Which picture best describes the relationship between Pepper and your national culture? ,0.9837809621928411
Which picture best describes the relationship between Pepper and your national culture? ,mean_cultural_closeness,0.9837809621928411
Which picture best describes the relationship between Pepper and your country? ,Which picture best describes the relationship between Pepper and your national culture? ,0.9800284184500861
Which picture best describes the relationship between Pepper and your national culture? ,Which picture best describes the relationship between Pepper and your country? ,0.9800284184500861
mean_competence,Please rate your impression of the robot you just interacted with by selecting a point on the scale between the two adjectives. There are no right or wrong answers. .4,0.9666293674071287
Please rate your impression of the robot you just interacted with by selecting a point on the scale between the two adjectives. There are no right or wrong answers. .4,mean_competence,0.9666293674071287
Please rate your impression of the robot you just interacted with by selecting a point on the scale between the two adjectives. There are no right or wrong answers. .2,Please rate your impression of the robot you just interacted with by selecting a point on the scale between the two adjectives. There are no right or wrong answers. ,0.9637192043977698
Please rate your impression of the robot you just interacted with by selecting a point on the scale between the two adjectives. There are no right or wrong answers. ,Please rate your impression of the robot you just interacted with by selecting a point on the scale between the two adjectives. There are no right or wrong answers. .2,0.9637192043977698
mean_competence,Please rate your impression of the robot you just interacted with by selecting a point on the scale between the two adjectives. There are no right or wrong answers. .2,0.9635925310377811
Please rate your impression of the robot you just interacted with by selecting a point on the scale between the two adjectives. There are no right or wrong answers. .2,mean_competence,0.9635925310377811
Which picture best describes the relationship between Pepper and your country? ,mean_cultural_closeness,0.9634990231195409
mean_cultural_closeness,Which picture best describes the relationship between Pepper and your country? ,0.9634990231195409
Please rate your impression of the robot you just interacted with by selecting a point on the scale between the two adjectives. There are no right or wrong answers. .1,mean_competence,0.9528097230486497
mean_competence,Please rate your impression of the robot you just interacted with by selecting a point on the scale between the two adjectives. There are no right or wrong answers. .1,0.9528097230486497
Please rate your impression of the robot you just interacted with by selecting a point on the scale between the two adjectives. There are no right or wrong answers. .5,Please rate your impression of the robot you just interacted with by selecting a point on the scale between the two adjectives. There are no right or wrong answers. .4,0.9405790744085852
Please rate your impression of the robot you just interacted with by selecting a point on the scale between the two adjectives. There are no right or wrong answers. .4,Please rate your impression of the robot you just interacted with by selecting a point on the scale between the two adjectives. There are no right or wrong answers. .5,0.9405790744085852
I see myself as someone who  [... get nervous easily],neuroticism,0.9393364366277243
neuroticism,I see myself as someone who  [... get nervous easily],0.9393364366277243
Please rate your impression of the robot you just interacted with by selecting a point on the scale between the two adjectives. There are no right or wrong answers. .1,Please rate your impression of the robot you just interacted with by selecting a point on the scale between the two adjectives. There are no right or wrong answers. .2,0.9321218534339085
Please rate your impression of the robot you just interacted with by selecting a point on the scale between the two adjectives. There are no right or wrong answers. .2,Please rate your impression of the robot you just interacted with by selecting a point on the scale between the two adjectives. There are no right or wrong answers. .1,0.9321218534339085
Please rate your impression of the robot you just interacted with by selecting a point on the scale between the two adjectives. There are no right or wrong answers. .5,Please rate your impression of the robot you just interacted with by selecting a point on the scale between the two adjectives. There are no right or wrong answers. .1,0.9317714902987716
Please rate your impression of the robot you just interacted with by selecting a point on the scale between the two adjectives. There are no right or wrong answers. .1,Please rate your impression of the robot you just interacted with by selecting a point on the scale between the two adjectives. There are no right or wrong answers. .5,0.9317714902987716
mean_competence,Please rate your impression of the robot you just interacted with by selecting a point on the scale between the two adjectives. There are no right or wrong answers. ,0.9306203955440234
Please rate your impression of the robot you just interacted with by selecting a point on the scale between the two adjectives. There are no right or wrong answers. ,mean_competence,0.9306203955440234
Please rate your impression of the robot you just interacted with by selecting a point on the scale between the two adjectives. There are no right or wrong answers. .1,Please rate your impression of the robot you just interacted with by selecting a point on the scale between the two adjectives. There are no right or wrong answers. ,0.921146953405018
Please rate your impression of the robot you just interacted with by selecting a point on the scale between the two adjectives. There are no right or wrong answers. ,Please rate your impression of the robot you just interacted with by selecting a point on the scale between the two adjectives. There are no right or wrong answers. .1,0.921146953405018
"Consider expectations toward Pepper robot and express how much do you agree with the properties attributed to it (scale: 0%-100%, scroll in to see all the options).  [Reliable]",I see myself as someone who  [... has few artistic interests],0.9053574604251853
I see myself as someone who  [... has few artistic interests],"Consider expectations toward Pepper robot and express how much do you agree with the properties attributed to it (scale: 0%-100%, scroll in to see all the options).  [Reliable]",0.9053574604251853
Please rate your impression of the robot you just interacted with by selecting a point on the scale between the two adjectives. There are no right or wrong answers. .2,Please rate your impression of the robot you just interacted with by selecting a point on the scale between the two adjectives. There are no right or wrong answers. .4,0.9042894085459832
Please rate your impression of the robot you just interacted with by selecting a point on the scale between the two adjectives. There are no right or wrong answers. .4,Please rate your impression of the robot you just interacted with by selecting a point on the scale between the two adjectives. There are no right or wrong answers. .2,0.9042894085459832
Please rate your impression of the robot you just interacted with by selecting a point on the scale between the two adjectives. There are no right or wrong answers. .1,Please rate your impression of the robot you just interacted with by selecting a point on the scale between the two adjectives. There are no right or wrong answers. .4,0.9029286438160158
Please rate your impression of the robot you just interacted with by selecting a point on the scale between the two adjectives. There are no right or wrong answers. .4,Please rate your impression of the robot you just interacted with by selecting a point on the scale between the two adjectives. There are no right or wrong answers. .1,0.9029286438160158
"Consider expectations toward Pepper robot and express how much do you agree with the properties attributed to it (scale: 0%-100%, scroll in to see all the options).  [Malfunction]",mean_trust_subj,0.9010963895318113
mean_trust_subj,"Consider expectations toward Pepper robot and express how much do you agree with the properties attributed to it (scale: 0%-100%, scroll in to see all the options).  [Malfunction]",0.9010963895318113
Please rate your impression of the robot you just interacted with by selecting a point on the scale between the two adjectives. There are no right or wrong answers. .5,mean_competence,0.900823594509346
mean_competence,Please rate your impression of the robot you just interacted with by selecting a point on the scale between the two adjectives. There are no right or wrong answers. .5,0.900823594509346
Please rate your impression of the robot you just interacted with by selecting a point on the scale between the two adjectives. There are no right or wrong answers. .4,Please rate your impression of the robot you just interacted with by selecting a point on the scale between the two adjectives. There are no right or wrong answers. ,0.8906439003627367
Please rate your impression of the robot you just interacted with by selecting a point on the scale between the two adjectives. There are no right or wrong answers. ,Please rate your impression of the robot you just interacted with by selecting a point on the scale between the two adjectives. There are no right or wrong answers. .4,0.8906439003627367
Which picture best describes the relationship between Pepper and your own preferences? ,mean_cultural_closeness,0.8820117619918397
mean_cultural_closeness,Which picture best describes the relationship between Pepper and your own preferences? ,0.8820117619918397
"Consider expectations toward Pepper robot and express how much do you agree with the properties attributed to it (scale: 0%-100%, scroll in to see all the options).  [Meet the needs of the mission]","Consider expectations toward Pepper robot and express how much do you agree with the properties attributed to it (scale: 0%-100%, scroll in to see all the options).  [Provide appropriate information]",0.8696775751801311
"Consider expectations toward Pepper robot and express how much do you agree with the properties attributed to it (scale: 0%-100%, scroll in to see all the options).  [Provide appropriate information]","Consider expectations toward Pepper robot and express how much do you agree with the properties attributed to it (scale: 0%-100%, scroll in to see all the options).  [Meet the needs of the mission]",0.8696775751801311
"Consider expectations toward Pepper robot and express how much do you agree with the properties attributed to it (scale: 0%-100%, scroll in to see all the options).  [Communicate with people]","Consider expectations toward Pepper robot and express how much do you agree with the properties attributed to it (scale: 0%-100%, scroll in to see all the options).  [Perform exactly as instructed]",0.8680490818850469
"Consider expectations toward Pepper robot and express how much do you agree with the properties attributed to it (scale: 0%-100%, scroll in to see all the options).  [Perform exactly as instructed]","Consider expectations toward Pepper robot and express how much do you agree with the properties attributed to it (scale: 0%-100%, scroll in to see all the options).  [Communicate with people]",0.8680490818850469
agreebleness,I see myself as someone who  [... is generally trusting],0.8660254037844387
I see myself as someone who  [... is generally trusting],agreebleness,0.8660254037844387
"Consider expectations toward Pepper robot and express how much do you agree with the properties attributed to it (scale: 0%-100%, scroll in to see all the options).  [Meet the needs of the mission]","Consider expectations toward Pepper robot and express how much do you agree with the properties attributed to it (scale: 0%-100%, scroll in to see all the options).  [Function successfully]",0.8627313064309218
"Consider expectations toward Pepper robot and express how much do you agree with the properties attributed to it (scale: 0%-100%, scroll in to see all the options).  [Function successfully]","Consider expectations toward Pepper robot and express how much do you agree with the properties attributed to it (scale: 0%-100%, scroll in to see all the options).  [Meet the needs of the mission]",0.8627313064309218
Please rate your impression of the robot you just interacted with by selecting a point on the scale between the two adjectives. There are no right or wrong answers. ,Please rate your impression of the robot you just interacted with by selecting a point on the scale between the two adjectives. There are no right or wrong answers. .5,0.8551875321920233
Please rate your impression of the robot you just interacted with by selecting a point on the scale between the two adjectives. There are no right or wrong answers. .5,Please rate your impression of the robot you just interacted with by selecting a point on the scale between the two adjectives. There are no right or wrong answers. ,0.8551875321920233
"Consider expectations toward Pepper robot and express how much do you agree with the properties attributed to it (scale: 0%-100%, scroll in to see all the options).  [Perform exactly as instructed]","Consider expectations toward Pepper robot and express how much do you agree with the properties attributed to it (scale: 0%-100%, scroll in to see all the options).  [Meet the needs of the mission]",0.84941959812259
"Consider expectations toward Pepper robot and express how much do you agree with the properties attributed to it (scale: 0%-100%, scroll in to see all the options).  [Meet the needs of the mission]","Consider expectations toward Pepper robot and express how much do you agree with the properties attributed to it (scale: 0%-100%, scroll in to see all the options).  [Perform exactly as instructed]",0.84941959812259
Please rate your impression of the robot you just interacted with by selecting a point on the scale between the two adjectives. There are no right or wrong answers. .2,Please rate your impression of the robot you just interacted with by selecting a point on the scale between the two adjectives. There are no right or wrong answers. .5,0.843922758122077
Please rate your impression of the robot you just interacted with by selecting a point on the scale between the two adjectives. There are no right or wrong answers. .5,Please rate your impression of the robot you just interacted with by selecting a point on the scale between the two adjectives. There are no right or wrong answers. .2,0.843922758122077
openness,"I see myself as someone who  [... is ongoing, sociable]",0.8428227902737332
I see myself as someone who  [... has active imagination],openness,0.8428227902737332
openness,I see myself as someone who  [... has active imagination],0.8428227902737332
"I see myself as someone who  [... is ongoing, sociable]",openness,0.8428227902737332
"Consider expectations toward Pepper robot and express how much do you agree with the properties attributed to it (scale: 0%-100%, scroll in to see all the options).  [Meet the needs of the mission]","Consider expectations toward Pepper robot and express how much do you agree with the properties attributed to it (scale: 0%-100%, scroll in to see all the options).  [Communicate with people]",0.8184743931400134
"Consider expectations toward Pepper robot and express how much do you agree with the properties attributed to it (scale: 0%-100%, scroll in to see all the options).  [Communicate with people]","Consider expectations toward Pepper robot and express how much do you agree with the properties attributed to it (scale: 0%-100%, scroll in to see all the options).  [Meet the needs of the mission]",0.8184743931400134
Please rate your impression of the robot you just interacted with by selecting a point on the scale between the two adjectives. There are no right or wrong answers. .3,mean_competence,0.8082996351243023
mean_competence,Please rate your impression of the robot you just interacted with by selecting a point on the scale between the two adjectives. There are no right or wrong answers. .3,0.8082996351243023
"Consider expectations toward Pepper robot and express how much do you agree with the properties attributed to it (scale: 0%-100%, scroll in to see all the options).  [Provide Feedback]","Consider expectations toward Pepper robot and express how much do you agree with the properties attributed to it (scale: 0%-100%, scroll in to see all the options).  [Dependable]",-0.8029757435751376
"Consider expectations toward Pepper robot and express how much do you agree with the properties attributed to it (scale: 0%-100%, scroll in to see all the options).  [Dependable]","Consider expectations toward Pepper robot and express how much do you agree with the properties attributed to it (scale: 0%-100%, scroll in to see all the options).  [Provide Feedback]",-0.8029757435751376
"Consider expectations toward Pepper robot and express how much do you agree with the properties attributed to it (scale: 0%-100%, scroll in to see all the options).  [Reliable]","I see myself as someone who  [... is ongoing, sociable]",-0.807380264316111
"I see myself as someone who  [... is ongoing, sociable]","Consider expectations toward Pepper robot and express how much do you agree with the properties attributed to it (scale: 0%-100%, scroll in to see all the options).  [Reliable]",-0.807380264316111
I see myself as someone who  [... get nervous easily],"I see myself as someone who  [... is relaxed, handles stress well]",-0.8075728530872484
"I see myself as someone who  [... is relaxed, handles stress well]",I see myself as someone who  [... get nervous easily],-0.8075728530872484
"Consider expectations toward Pepper robot and express how much do you agree with the properties attributed to it (scale: 0%-100%, scroll in to see all the options).  [Predictable]",mean_cultural_closeness,-0.8208426656176259
mean_cultural_closeness,"Consider expectations toward Pepper robot and express how much do you agree with the properties attributed to it (scale: 0%-100%, scroll in to see all the options).  [Predictable]",-0.8208426656176259
I see myself as someone who  [... tends to be lazy],I see myself as someone who  [... is generally trusting],-0.8215838362577491
I see myself as someone who  [... is generally trusting],I see myself as someone who  [... tends to be lazy],-0.8215838362577491
mean_trust_subj,"Consider expectations toward Pepper robot and express how much do you agree with the properties attributed to it (scale: 0%-100%, scroll in to see all the options).  [Provide appropriate information]",-0.8222688996456806
"Consider expectations toward Pepper robot and express how much do you agree with the properties attributed to it (scale: 0%-100%, scroll in to see all the options).  [Provide appropriate information]",mean_trust_subj,-0.8222688996456806
"Consider expectations toward Pepper robot and express how much do you agree with the properties attributed to it (scale: 0%-100%, scroll in to see all the options).  [Meet the needs of the mission]",mean_trust_subj,-0.8239829307711235
mean_trust_subj,"Consider expectations toward Pepper robot and express how much do you agree with the properties attributed to it (scale: 0%-100%, scroll in to see all the options).  [Meet the needs of the mission]",-0.8239829307711235
Please rate your impression of the robot you just interacted with by selecting a point on the scale between the two adjectives. There are no right or wrong answers. .1,I see myself as someone who  [... has active imagination],-0.8314837734789622
I see myself as someone who  [... has active imagination],Please rate your impression of the robot you just interacted with by selecting a point on the scale between the two adjectives. There are no right or wrong answers. .1,-0.8314837734789622
I see myself as someone who  [... has active imagination],Please rate your impression of the robot you just interacted with by selecting a point on the scale between the two adjectives. There are no right or wrong answers. .2,-0.8468732056137018
Please rate your impression of the robot you just interacted with by selecting a point on the scale between the two adjectives. There are no right or wrong answers. .2,I see myself as someone who  [... has active imagination],-0.8468732056137018
"Consider expectations toward Pepper robot and express how much do you agree with the properties attributed to it (scale: 0%-100%, scroll in to see all the options).  [Reliable]",openness,-0.8608782420695305
openness,"Consider expectations toward Pepper robot and express how much do you agree with the properties attributed to it (scale: 0%-100%, scroll in to see all the options).  [Reliable]",-0.8608782420695305
Which picture best describes the relationship between Pepper and your national culture? ,"Consider expectations toward Pepper robot and express how much do you agree with the properties attributed to it (scale: 0%-100%, scroll in to see all the options).  [Predictable]",-0.8633118348862668
"Consider expectations toward Pepper robot and express how much do you agree with the properties attributed to it (scale: 0%-100%, scroll in to see all the options).  [Predictable]",Which picture best describes the relationship between Pepper and your national culture? ,-0.8633118348862668
"Consider expectations toward Pepper robot and express how much do you agree with the properties attributed to it (scale: 0%-100%, scroll in to see all the options).  [Act consistenly]","Consider expectations toward Pepper robot and express how much do you agree with the properties attributed to it (scale: 0%-100%, scroll in to see all the options).  [Malfunction]",-0.8664298320947179
"Consider expectations toward Pepper robot and express how much do you agree with the properties attributed to it (scale: 0%-100%, scroll in to see all the options).  [Malfunction]","Consider expectations toward Pepper robot and express how much do you agree with the properties attributed to it (scale: 0%-100%, scroll in to see all the options).  [Act consistenly]",-0.8664298320947179
"Consider expectations toward Pepper robot and express how much do you agree with the properties attributed to it (scale: 0%-100%, scroll in to see all the options).  [Act consistenly]",mean_trust_subj,-0.8751381053314674
mean_trust_subj,"Consider expectations toward Pepper robot and express how much do you agree with the properties attributed to it (scale: 0%-100%, scroll in to see all the options).  [Act consistenly]",-0.8751381053314674
coscientiousness,I see myself as someone who  [... tends to be lazy],-0.8835412617927486
I see myself as someone who  [... tends to be lazy],coscientiousness,-0.8835412617927486
I see myself as someone who  [... is reserved ],I see myself as someone who  [... tends to be lazy],-0.903696114115064
I see myself as someone who  [... tends to be lazy],I see myself as someone who  [... is reserved ],-0.903696114115064
openness,I see myself as someone who  [... has few artistic interests],-0.9132660258954312
I see myself as someone who  [... has few artistic interests],openness,-0.9132660258954312
Which picture best describes the relationship between Pepper and your country? ,"Consider expectations toward Pepper robot and express how much do you agree with the properties attributed to it (scale: 0%-100%, scroll in to see all the options).  [Predictable]",-0.9196009797434059
"Consider expectations toward Pepper robot and express how much do you agree with the properties attributed to it (scale: 0%-100%, scroll in to see all the options).  [Predictable]",Which picture best describes the relationship between Pepper and your country? ,-0.9196009797434059
"I see myself as someone who  [... is relaxed, handles stress well]",neuroticism,-0.9608713011059299
neuroticism,"I see myself as someone who  [... is relaxed, handles stress well]",-0.9608713011059299
